ID,Name,Team,Number,ImageFileName
6831a9ec2753892f1482255b,Berry Sam,Adelaide Crows,3,6831a9ec2753892f1482255b.webp
6831a9ec2753892f1482255c,Bond Hugh,Adelaide Crows,40,6831a9ec2753892f1482255c.webp
6831a9ec2753892f1482255d,Borlase James R,Adelaide Crows,35,6831a9ec2753892f1482255d.webp
6831a9ec2753892f1482255e,Burgess Chris R,Adelaide Crows,21,6831a9ec2753892f1482255e.webp
6831a9ec2753892f1482255f,Butts Jordon,Adelaide Crows,41,6831a9ec2753892f1482255f.webp
6831a9ec2753892f14822560,Cook Brayden,Adelaide Crows,15,6831a9ec2753892f14822560.webp
6831a9ec2753892f14822561,Crouch Matt,Adelaide Crows,5,6831a9ec2753892f14822561.webp
6831a9ec2753892f14822562,Cumming Isaac,Adelaide Crows,44,6831a9ec2753892f14822562.webp
6831a9ec2753892f14822563,Curtin Daniel,Adelaide Crows,6,6831a9ec2753892f14822563.webp
6831a9ec2753892f14822564,Dawson Jordan,Adelaide Crows,12,6831a9ec2753892f14822564.webp
6831a9ec2753892f14822565,Dowling Billy,Adelaide Crows,31,6831a9ec2753892f14822565.webp
6831a9ec2753892f14822566,Draper Sid,Adelaide Crows,34,6831a9ec2753892f14822566.webp
6831a9ec2753892f14822567,Edwards Charlie,Adelaide Crows,11,6831a9ec2753892f14822567.webp
6831a9ec2753892f14822568,Fogarty Darcy,Adelaide Crows,32,6831a9ec2753892f14822568.webp
6831a9ec2753892f14822569,Gallagher Karl R,Adelaide Crows,36,6831a9ec2753892f14822569.webp
6831a9ec2753892f1482256a,Hinge Mitchell,Adelaide Crows,20,6831a9ec2753892f1482256a.webp
6831a9ec2753892f1482256b,Jones Chayce,Adelaide Crows,1,6831a9ec2753892f1482256b.webp
6831a9ec2753892f1482256c,Keane Mark,Adelaide Crows,48,6831a9ec2753892f1482256c.webp
6831a9ec2753892f1482256d,Keays Ben,Adelaide Crows,2,6831a9ec2753892f1482256d.webp
6831a9ec2753892f1482256e,Laird Rory,Adelaide Crows,29,6831a9ec2753892f1482256e.webp
6831a9ec2753892f1482256f,McAndrew Lachlan R,Adelaide Crows,42,6831a9ec2753892f1482256f.webp
6831a9ec2753892f14822570,Michalanney Max,Adelaide Crows,16,6831a9ec2753892f14822570.webp
6831a9ec2753892f14822571,Milera Wayne,Adelaide Crows,30,6831a9ec2753892f14822571.webp
6831a9ec2753892f14822572,Murphy Lachlan,Adelaide Crows,4,6831a9ec2753892f14822572.webp
6831a9ec2753892f14822573,Murray Nick,Adelaide Crows,9,6831a9ec2753892f14822573.webp
6831a9ec2753892f14822574,Murray Toby R,Adelaide Crows,39,6831a9ec2753892f14822574.webp
6831a9ec2753892f14822575,Nankervis Luke,Adelaide Crows,27,6831a9ec2753892f14822575.webp
6831a9ec2753892f14822576,Neal-Bullen Alex,Adelaide Crows,28,6831a9ec2753892f14822576.webp
6831a9ec2753892f14822577,O'Brien Reilly,Adelaide Crows,43,6831a9ec2753892f14822577.webp
6831a9ec2753892f14822578,Peatling James,Adelaide Crows,25,6831a9ec2753892f14822578.webp
6831a9ec2753892f14822579,Pedlar Luke,Adelaide Crows,10,6831a9ec2753892f14822579.webp
6831a9ec2753892f1482257a,Rachele Josh,Adelaide Crows,8,6831a9ec2753892f1482257a.webp
6831a9ec2753892f1482257b,Rankine Izak,Adelaide Crows,23,6831a9ec2753892f1482257b.webp
6831a9ec2753892f1482257c,Ryan Oscar,Adelaide Crows,22,6831a9ec2753892f1482257c.webp
6831a9ec2753892f1482257d,Schoenberg Harry R,Adelaide Crows,26,6831a9ec2753892f1482257d.webp
6831a9ec2753892f1482257e,Sholl Lachlan,Adelaide Crows,38,6831a9ec2753892f1482257e.webp
6831a9ec2753892f1482257f,Smith Brodie,Adelaide Crows,33,6831a9ec2753892f1482257f.webp
6831a9ec2753892f14822580,Soligo Jake,Adelaide Crows,14,6831a9ec2753892f14822580.webp
6831a9ec2753892f14822581,Strachan Kieran,Adelaide Crows,45,6831a9ec2753892f14822581.webp
6831a9ec2753892f14822582,Taylor Zac,Adelaide Crows,19,6831a9ec2753892f14822582.webp
6831a9ec2753892f14822583,Thilthorpe Riley,Adelaide Crows,7,6831a9ec2753892f14822583.webp
6831a9ec2753892f14822584,Walker Taylor,Adelaide Crows,13,6831a9ec2753892f14822584.webp
6831a9ec2753892f14822585,Welsh Tyler,Adelaide Crows,17,6831a9ec2753892f14822585.webp
6831a9ec2753892f14822586,Worrell Josh,Adelaide Crows,24,6831a9ec2753892f14822586.webp
6831a9ec2753892f14822588,Ah Chee Callum,Brisbane Lions,4,6831a9ec2753892f14822588.webp
6831a9ec2753892f14822589,Andrews Harris,Brisbane Lions,31,6831a9ec2753892f14822589.webp
6831a9ec2753892f1482258a,Answerth Noah,Brisbane Lions,43,6831a9ec2753892f1482258a.webp
6831a9ec2753892f1482258b,Ashcroft Levi,Brisbane Lions,10,6831a9ec2753892f1482258b.webp
6831a9ec2753892f1482258c,Ashcroft Will,Brisbane Lions,8,6831a9ec2753892f1482258c.webp
6831a9ec2753892f1482258d,Bailey Zac,Brisbane Lions,33,6831a9ec2753892f1482258d.webp
6831a9ec2753892f1482258e,Beecken Luke R,Brisbane Lions,17,6831a9ec2753892f1482258e.webp
6831a9ec2753892f1482258f,Berry Jarrod,Brisbane Lions,7,6831a9ec2753892f1482258f.webp
6831a9ec2753892f14822590,Brain Shadeau R,Brisbane Lions,34,6831a9ec2753892f14822590.webp
6831a9ec2753892f14822591,Cameron Charlie,Brisbane Lions,23,6831a9ec2753892f14822591.webp
6831a9ec2753892f14822592,Coleman Keidean,Brisbane Lions,18,6831a9ec2753892f14822592.webp
6831a9ec2753892f14822593,Craven Darcy R,Brisbane Lions,45,6831a9ec2753892f14822593.webp
6831a9ec2753892f14822594,Day Sam,Brisbane Lions,14,6831a9ec2753892f14822594.webp
6831a9ec2753892f14822595,Doedee Tom,Brisbane Lions,12,6831a9ec2753892f14822595.webp
6831a9ec2753892f14822596,Dunkley Josh,Brisbane Lions,5,6831a9ec2753892f14822596.webp
6831a9ec2753892f14822597,Fletcher Jaspa,Brisbane Lions,3,6831a9ec2753892f14822597.webp
6831a9ec2753892f14822598,Fort Darcy,Brisbane Lions,32,6831a9ec2753892f14822598.webp
6831a9ec2753892f14822599,Gallop Ty,Brisbane Lions,22,6831a9ec2753892f14822599.webp
6831a9ec2753892f1482259a,Gardiner Darcy,Brisbane Lions,27,6831a9ec2753892f1482259a.webp
6831a9ec2753892f1482259b,Hipwood Eric,Brisbane Lions,30,6831a9ec2753892f1482259b.webp
6831a9ec2753892f1482259c,Joyce Darragh R,Brisbane Lions,41,6831a9ec2753892f1482259c.webp
6831a9ec2753892f1482259d,Lester Ryan R,Brisbane Lions,35,6831a9ec2753892f1482259d.webp
6831a9ec2753892f1482259e,Lloyd Luke,Brisbane Lions,19,6831a9ec2753892f1482259e.webp
6831a9ec2753892f1482259f,Lohmann Kai,Brisbane Lions,1,6831a9ec2753892f1482259f.webp
6831a9ec2753892f148225a0,Marshall Sam,Brisbane Lions,20,6831a9ec2753892f148225a0.webp
6831a9ec2753892f148225a1,McCarthy Lincoln,Brisbane Lions,11,6831a9ec2753892f148225a1.webp
6831a9ec2753892f148225a2,McCluggage Hugh,Brisbane Lions,6,6831a9ec2753892f148225a2.webp
6831a9ec2753892f148225a3,McInerney Oscar,Brisbane Lions,46,6831a9ec2753892f148225a3.webp
6831a9ec2753892f148225a4,McKenna Conor R,Brisbane Lions,26,6831a9ec2753892f148225a4.webp
6831a9ec2753892f148225a5,McLachlan Will R,Brisbane Lions,28,6831a9ec2753892f148225a5.webp
6831a9ec2753892f148225a6,Morris Logan,Brisbane Lions,13,6831a9ec2753892f148225a6.webp
6831a9ec2753892f148225a7,Neale Lachie,Brisbane Lions,9,6831a9ec2753892f148225a7.webp
6831a9ec2753892f148225a8,Payne Jack,Brisbane Lions,40,6831a9ec2753892f148225a8.webp
6831a9ec2753892f148225a9,Rayner Cameron,Brisbane Lions,16,6831a9ec2753892f148225a9.webp
6831a9ec2753892f148225aa,Reville Bruce R,Brisbane Lions,38,6831a9ec2753892f148225aa.webp
6831a9ec2753892f148225ab,Robertson Deven,Brisbane Lions,2,6831a9ec2753892f148225ab.webp
6831a9ec2753892f148225ac,Ryan Brandon R,Brisbane Lions,24,6831a9ec2753892f148225ac.webp
6831a9ec2753892f148225ad,Smith Henry,Brisbane Lions,25,6831a9ec2753892f148225ad.webp
6831a9ec2753892f148225ae,Starcevich Brandon,Brisbane Lions,37,6831a9ec2753892f148225ae.webp
6831a9ec2753892f148225af,Torrent Reece,Brisbane Lions,36,6831a9ec2753892f148225af.webp
6831a9ec2753892f148225b0,Tunstill James,Brisbane Lions,29,6831a9ec2753892f148225b0.webp
6831a9ec2753892f148225b1,Wilmot Darcy,Brisbane Lions,44,6831a9ec2753892f148225b1.webp
6831a9ec2753892f148225b2,Zakostelsky Zane,Brisbane Lions,21,6831a9ec2753892f148225b2.webp
6831a9ec2753892f148225b3,Zorko Dayne,Brisbane Lions,15,6831a9ec2753892f148225b3.webp
6831a9ec2753892f148225b5,Acres Blake,Carlton Blues,13,6831a9ec2753892f148225b5.webp
6831a9ec2753892f148225b6,Binns Jaxon,Carlton Blues,25,6831a9ec2753892f148225b6.webp
6831a9ec2753892f148225b7,Boyd Jordan,Carlton Blues,37,6831a9ec2753892f148225b7.webp
6831a9ec2753892f148225b8,Camporeale Ben,Carlton Blues,16,6831a9ec2753892f148225b8.webp
6831a9ec2753892f148225b9,Camporeale Lucas,Carlton Blues,21,6831a9ec2753892f148225b9.webp
6831a9ec2753892f148225ba,Carroll Matt R,Carlton Blues,32,6831a9ec2753892f148225ba.webp
6831a9ec2753892f148225bb,Cerra Adam,Carlton Blues,5,6831a9ec2753892f148225bb.webp
6831a9ec2753892f148225bc,Charleson Harry R,Carlton Blues,28,6831a9ec2753892f148225bc.webp
6831a9ec2753892f148225bd,Cincotta Alex R,Carlton Blues,39,6831a9ec2753892f148225bd.webp
6831a9ec2753892f148225be,Cottrell Matt,Carlton Blues,46,6831a9ec2753892f148225be.webp
6831a9ec2753892f148225bf,Cowan Lachlan,Carlton Blues,2,6831a9ec2753892f148225bf.webp
6831a9ec2753892f148225c0,Cripps Patrick,Carlton Blues,9,6831a9ec2753892f148225c0.webp
6831a9ec2753892f148225c1,Curnow Charlie,Carlton Blues,30,6831a9ec2753892f148225c1.webp
6831a9ec2753892f148225c2,De Koning Tom,Carlton Blues,12,6831a9ec2753892f148225c2.webp
6831a9ec2753892f148225c3,Docherty Sam,Carlton Blues,15,6831a9ec2753892f148225c3.webp
6831a9ec2753892f148225c4,Duffy Matt R,Carlton Blues,41,6831a9ec2753892f148225c4.webp
6831a9ec2753892f148225c5,Durdin Corey,Carlton Blues,19,6831a9ec2753892f148225c5.webp
6831a9ec2753892f148225c6,Evans Francis R,Carlton Blues,44,6831a9ec2753892f148225c6.webp
6831a9ec2753892f148225c7,Fantasia Orazio,Carlton Blues,14,6831a9ec2753892f148225c7.webp
6831a9ec2753892f148225c8,Fogarty Lachlan,Carlton Blues,8,6831a9ec2753892f148225c8.webp
6831a9ec2753892f148225c9,Haynes Nick,Carlton Blues,26,6831a9ec2753892f148225c9.webp
6831a9ec2753892f148225ca,Hewett George,Carlton Blues,29,6831a9ec2753892f148225ca.webp
6831a9ec2753892f148225cb,Hollands Elijah,Carlton Blues,20,6831a9ec2753892f148225cb.webp
6831a9ec2753892f148225cc,Hollands Oliver,Carlton Blues,4,6831a9ec2753892f148225cc.webp
6831a9ec2753892f148225cd,Kemp Brodie,Carlton Blues,17,6831a9ec2753892f148225cd.webp
6831a9ec2753892f148225ce,Lemmey Harry,Carlton Blues,31,6831a9ec2753892f148225ce.webp
6831a9ec2753892f148225cf,Lord Cooper R,Carlton Blues,36,6831a9ec2753892f148225cf.webp
6831a9ec2753892f148225d0,McGovern Mitch,Carlton Blues,11,6831a9ec2753892f148225d0.webp
6831a9ec2753892f148225d1,McKay Harry,Carlton Blues,10,6831a9ec2753892f148225d1.webp
6831a9ec2753892f148225d2,Moir Ashton,Carlton Blues,43,6831a9ec2753892f148225d2.webp
6831a9ec2753892f148225d3,Monahan Rob R,Carlton Blues,34,6831a9ec2753892f148225d3.webp
6831a9ec2753892f148225d4,Motlop Jesse,Carlton Blues,3,6831a9ec2753892f148225d4.webp
6831a9ec2753892f148225d5,Newman Nic,Carlton Blues,24,6831a9ec2753892f148225d5.webp
6831a9ec2753892f148225d6,O'Farrell Harry,Carlton Blues,22,6831a9ec2753892f148225d6.webp
6831a9ec2753892f148225d7,O'Keeffe Hudson R,Carlton Blues,40,6831a9ec2753892f148225d7.webp
6831a9ec2753892f148225d8,Pittonet Marc,Carlton Blues,27,6831a9ec2753892f148225d8.webp
6831a9ec2753892f148225d9,Saad Adam,Carlton Blues,42,6831a9ec2753892f148225d9.webp
6831a9ec2753892f148225da,Silvagni Jack,Carlton Blues,1,6831a9ec2753892f148225da.webp
6831a9ec2753892f148225db,Smith Jagga,Carlton Blues,7,6831a9ec2753892f148225db.webp
6831a9ec2753892f148225dc,Walsh Sam,Carlton Blues,18,6831a9ec2753892f148225dc.webp
6831a9ec2753892f148225dd,Weitering Jacob,Carlton Blues,23,6831a9ec2753892f148225dd.webp
6831a9ec2753892f148225de,White Will R,Carlton Blues,38,6831a9ec2753892f148225de.webp
6831a9ec2753892f148225df,Williams Zachary,Carlton Blues,6,6831a9ec2753892f148225df.webp
6831a9ec2753892f148225e0,Wilson Billy,Carlton Blues,35,6831a9ec2753892f148225e0.webp
6831a9ec2753892f148225e2,Young Flynn R,Carlton Blues,45,6831a9ec2753892f148225e2.webp
6831a9ec2753892f148225e1,Young Lewis,Carlton Blues,33,6831a9ec2753892f148225e1.webp
6831a9ec2753892f148225e3,Allan Edward,Collingwood Magpies,16,6831a9ec2753892f148225e3.webp
6831a9ec2753892f148225e4,Cameron Darcy,Collingwood Magpies,14,6831a9ec2753892f148225e4.webp
6831a9ec2753892f148225e5,Cochran Joel,Collingwood Magpies,27,6831a9ec2753892f148225e5.webp
6831a9ec2753892f148225e6,Cox Mason,Collingwood Magpies,46,6831a9ec2753892f148225e6.webp
6831a9ec2753892f148225e7,Crisp Jack,Collingwood Magpies,25,6831a9ec2753892f148225e7.webp
6831a9ec2753892f148225e8,Daicos Josh,Collingwood Magpies,7,6831a9ec2753892f148225e8.webp
6831a9ec2753892f148225e9,Daicos Nick,Collingwood Magpies,35,6831a9ec2753892f148225e9.webp
6831a9ec2753892f148225ea,De Goey Jordan,Collingwood Magpies,2,6831a9ec2753892f148225ea.webp
6831a9ec2753892f148225eb,Dean Charlie R,Collingwood Magpies,43,6831a9ec2753892f148225eb.webp
6831a9ec2753892f148225ec,Demattia Harry,Collingwood Magpies,13,6831a9ec2753892f148225ec.webp
6831a9ec2753892f148225ed,Elliott Jamie,Collingwood Magpies,5,6831a9ec2753892f148225ed.webp
6831a9ec2753892f148225ee,Frampton Billy,Collingwood Magpies,17,6831a9ec2753892f148225ee.webp
6831a9ec2753892f148225ef,Harrison Harvey,Collingwood Magpies,36,6831a9ec2753892f148225ef.webp
6831a9ec2753892f148225f0,Hayes Will,Collingwood Magpies,39,6831a9ec2753892f148225f0.webp
6831a9ec2753892f148225f1,Hill Bobby,Collingwood Magpies,23,6831a9ec2753892f148225f1.webp
6831a9ec2753892f148225f2,Hoskin-Elliott Will,Collingwood Magpies,32,6831a9ec2753892f148225f2.webp
6831a9ec2753892f148225f3,Houston Dan,Collingwood Magpies,9,6831a9ec2753892f148225f3.webp
6831a9ec2753892f148225f4,Howe Jeremy,Collingwood Magpies,38,6831a9ec2753892f148225f4.webp
6831a9ec2753892f148225f5,Jiath Tew,Collingwood Magpies,19,6831a9ec2753892f148225f5.webp
6831a9ec2753892f148225f6,Johnson Ash R,Collingwood Magpies,40,6831a9ec2753892f148225f6.webp
6831a9ec2753892f148225f7,Lipinski Patrick,Collingwood Magpies,1,6831a9ec2753892f148225f7.webp
6831a9ec2753892f148225f8,Long Ned R,Collingwood Magpies,44,6831a9ec2753892f148225f8.webp
6831a9ec2753892f148225f9,Macrae Finlay,Collingwood Magpies,18,6831a9ec2753892f148225f9.webp
6831a9ec2753892f148225fa,Markov Oleg R,Collingwood Magpies,37,6831a9ec2753892f148225fa.webp
6831a9ec2753892f148225fb,Maynard Brayden,Collingwood Magpies,4,6831a9ec2753892f148225fb.webp
6831a9ec2753892f148225fc,McCreery Beau,Collingwood Magpies,31,6831a9ec2753892f148225fc.webp
6831a9ec2753892f148225fd,McInnes Reef,Collingwood Magpies,26,6831a9ec2753892f148225fd.webp
6831a9ec2753892f148225fe,McStay Daniel,Collingwood Magpies,11,6831a9ec2753892f148225fe.webp
6831a9ec2753892f148225ff,Membrey Tim,Collingwood Magpies,28,6831a9ec2753892f148225ff.webp
6831a9ec2753892f14822600,Mihocek Brody,Collingwood Magpies,41,6831a9ec2753892f14822600.webp
6831a9ec2753892f14822601,Mitchell Tom,Collingwood Magpies,6,6831a9ec2753892f14822601.webp
6831a9ec2753892f14822602,Moore Darcy,Collingwood Magpies,30,6831a9ec2753892f14822602.webp
6831a9ec2753892f14822603,Parker Wil R,Collingwood Magpies,15,6831a9ec2753892f14822603.webp
6831a9ec2753892f14822604,Pendlebury Scott,Collingwood Magpies,10,6831a9ec2753892f14822604.webp
6831a9ec2753892f14822605,Perryman Harry,Collingwood Magpies,12,6831a9ec2753892f14822605.webp
6831a9ec2753892f14822606,Quaynor Isaac,Collingwood Magpies,3,6831a9ec2753892f14822606.webp
6831a9ec2753892f14822607,Ryan Jakob,Collingwood Magpies,24,6831a9ec2753892f14822607.webp
6831a9ec2753892f14822608,Schultz Lachlan,Collingwood Magpies,8,6831a9ec2753892f14822608.webp
6831a9ec2753892f14822609,Sidebottom Steele,Collingwood Magpies,22,6831a9ec2753892f14822609.webp
6831a9ec2753892f1482260a,Smit Iliro R,Collingwood Magpies,20,6831a9ec2753892f1482260a.webp
6831a9ec2753892f1482260b,Steene Oscar,Collingwood Magpies,21,6831a9ec2753892f1482260b.webp
6831a9ec2753892f1482260c,Sullivan Lachie R,Collingwood Magpies,33,6831a9ec2753892f1482260c.webp
6831a9ec2753892f1482260e,Steele Roan R,Collingwood Magpies,45,6831a9ec2753892f1482260e.webp
6831a9ec2753892f14822fff,Howes Noah R,Collingwood Magpies,47,6831a9ec2753892f14822fff.webp
6831a9ec2753892f1482260d,West Charlie,Collingwood Magpies,29,6831a9ec2753892f1482260d.webp
6831a9ec2753892f1482260f,Bryan Nick,Essendon Bombers,24,6831a9ec2753892f1482260f.webp
6831a9ec2753892f14822610,Caddy Nate,Essendon Bombers,30,6831a9ec2753892f14822610.webp
6831a9ec2753892f14822611,Caldwell Jye,Essendon Bombers,6,6831a9ec2753892f14822611.webp
6831a9ec2753892f14822612,Clarke Angus,Essendon Bombers,36,6831a9ec2753892f14822612.webp
6831a9ec2753892f14822613,Cox Nikolas,Essendon Bombers,13,6831a9ec2753892f14822613.webp
6831a9ec2753892f14822614,Davey Alwyn,Essendon Bombers,33,6831a9ec2753892f14822614.webp
6831a9ec2753892f14822615,Day-Wicks Archer R,Essendon Bombers,44,6831a9ec2753892f14822615.webp
6831a9ec2753892f14822616,Draper Sam,Essendon Bombers,2,6831a9ec2753892f14822616.webp
6831a9ec2753892f14822617,Durham Sam,Essendon Bombers,22,6831a9ec2753892f14822617.webp
6831a9ec2753892f14822618,Duursma Xavier,Essendon Bombers,28,6831a9ec2753892f14822618.webp
6831a9ec2753892f14822619,Edwards Tom R,Essendon Bombers,45,6831a9ec2753892f14822619.webp
6831a9ec2753892f1482261a,El-Hawli Saad R,Essendon Bombers,41,6831a9ec2753892f1482261a.webp
6831a9ec2753892f1482261b,Gerreyn Kayle,Essendon Bombers,19,6831a9ec2753892f1482261b.webp
6831a9ec2753892f1482261c,Goldstein Todd,Essendon Bombers,17,6831a9ec2753892f1482261c.webp
6831a9ec2753892f1482261d,Gresham Jade,Essendon Bombers,11,6831a9ec2753892f1482261d.webp
6831a9ec2753892f1482261e,Guelfi Matt,Essendon Bombers,35,6831a9ec2753892f1482261e.webp
6831a9ec2753892f1482261f,Hayes Lewis,Essendon Bombers,18,6831a9ec2753892f1482261f.webp
6831a9ec2753892f14822620,Hobbs Ben,Essendon Bombers,8,6831a9ec2753892f14822620.webp
6831a9ec2753892f14822621,Johnson Zak,Essendon Bombers,40,6831a9ec2753892f14822621.webp
6831a9ec2753892f14822622,Jones Harrison,Essendon Bombers,23,6831a9ec2753892f14822622.webp
6831a9ec2753892f14822623,Kako Isaac,Essendon Bombers,10,6831a9ec2753892f14822623.webp
6831a9ec2753892f14822624,Langford Kyle,Essendon Bombers,4,6831a9ec2753892f14822624.webp
6831a9ec2753892f14822625,Laverde Jayden,Essendon Bombers,15,6831a9ec2753892f14822625.webp
6831a9ec2753892f14822626,Lual Luamon,Essendon Bombers,34,6831a9ec2753892f14822626.webp
6831a9ec2753892f14822627,Martin Nicholas,Essendon Bombers,37,6831a9ec2753892f14822627.webp
6831a9ec2753892f14822628,McGrath Andrew,Essendon Bombers,1,6831a9ec2753892f14822628.webp
6831a9ec2753892f14822629,McKay Ben,Essendon Bombers,32,6831a9ec2753892f14822629.webp
6831a9ec2753892f1482262a,Menzie Jye R,Essendon Bombers,29,6831a9ec2753892f1482262a.webp
6831a9ec2753892f1482262b,Merrett Zachary,Essendon Bombers,7,6831a9ec2753892f1482262b.webp
6831a9ec2753892f1482262c,Nguyen Jayden R,Essendon Bombers,42,6831a9ec2753892f1482262c.webp
6831a9ec2753892f1482262d,Parish Darcy,Essendon Bombers,3,6831a9ec2753892f1482262d.webp
6831a9ec2753892f1482262e,Perkins Archie,Essendon Bombers,16,6831a9ec2753892f1482262e.webp
6831a9ec2753892f1482262f,Prior Jaxon R,Essendon Bombers,25,6831a9ec2753892f1482262f.webp
6831a9ec2753892f14822630,Redman Mason,Essendon Bombers,27,6831a9ec2753892f14822630.webp
6831a9ec2753892f14822631,Reid Zach,Essendon Bombers,31,6831a9ec2753892f14822631.webp
6831a9ec2753892f14822632,Ridley Jordan,Essendon Bombers,14,6831a9ec2753892f14822632.webp
6831a9ec2753892f14822633,Roberts Archie,Essendon Bombers,21,6831a9ec2753892f14822633.webp
6831a9ec2753892f14822634,Setterfield Will,Essendon Bombers,12,6831a9ec2753892f14822634.webp
6831a9ec2753892f14822635,Shiel Dylan,Essendon Bombers,9,6831a9ec2753892f14822635.webp
6831a9ec2753892f14822636,Tsatas Elijah,Essendon Bombers,5,6831a9ec2753892f14822636.webp
6831a9ec2753892f14822637,Unwin Rhys,Essendon Bombers,38,6831a9ec2753892f14822637.webp
6831a9ec2753892f14822638,Visentini Vigo R,Essendon Bombers,39,6831a9ec2753892f14822638.webp
6831a9ec2753892f14822639,Wright Peter,Essendon Bombers,20,6831a9ec2753892f14822639.webp
6831a9ec2753892f1482263b,Aish James,Fremantle Dockers,11,6831a9ec2753892f1482263b.webp
6831a9ec2753892f1482263c,Amiss Jye,Fremantle Dockers,24,6831a9ec2753892f1482263c.webp
6831a9ec2753892f1482263d,Banfield Bailey,Fremantle Dockers,41,6831a9ec2753892f1482263d.webp
6831a9ec2753892f1482263e,Bolton Shai,Fremantle Dockers,15,6831a9ec2753892f1482263e.webp
6831a9ec2753892f1482263f,Brayshaw Andrew,Fremantle Dockers,8,6831a9ec2753892f1482263f.webp
6831a9ec2753892f14822640,Brodie Will,Fremantle Dockers,17,6831a9ec2753892f14822640.webp
6831a9ec2753892f14822641,Carr Jaren,Fremantle Dockers,38,6831a9ec2753892f14822641.webp
6831a9ec2753892f14822642,Chapman Heath,Fremantle Dockers,5,6831a9ec2753892f14822642.webp
6831a9ec2753892f14822643,Clark Jordan,Fremantle Dockers,6,6831a9ec2753892f14822643.webp
6831a9ec2753892f14822644,Cox Brennan,Fremantle Dockers,36,6831a9ec2753892f14822644.webp
6831a9ec2753892f14822645,Darcy Sean,Fremantle Dockers,4,6831a9ec2753892f14822645.webp
6831a9ec2753892f14822646,Davies Hugh,Fremantle Dockers,12,6831a9ec2753892f14822646.webp
6831a9ec2753892f14822647,Delean Jack,Fremantle Dockers,40,6831a9ec2753892f14822647.webp
6831a9ec2753892f14822648,Draper Josh R,Fremantle Dockers,37,6831a9ec2753892f14822648.webp
6831a9ec2753892f14822649,Dudley Isaiah R,Fremantle Dockers,43,6831a9ec2753892f14822649.webp
6831a9ec2753892f1482264a,Erasmus Neil,Fremantle Dockers,28,6831a9ec2753892f1482264a.webp
6831a9ec2753892f1482264b,Frederick Michael,Fremantle Dockers,32,6831a9ec2753892f1482264b.webp
6831a9ec2753892f1482264c,Fyfe Nathan,Fremantle Dockers,7,6831a9ec2753892f1482264c.webp
6831a9ec2753892f1482264d,Jackson Luke,Fremantle Dockers,9,6831a9ec2753892f1482264d.webp
6831a9ec2753892f1482264e,Johnson Matt,Fremantle Dockers,44,6831a9ec2753892f1482264e.webp
6831a9ec2753892f1482264f,Jones Odin R,Fremantle Dockers,27,6831a9ec2753892f1482264f.webp
6831a9ec2753892f14822650,McDonald Oscar R,Fremantle Dockers,21,6831a9ec2753892f14822650.webp
6831a9ec2753892f14822651,Murphy Ollie,Fremantle Dockers,33,6831a9ec2753892f14822651.webp
6831a9ec2753892f14822652,Narkle Quinton R,Fremantle Dockers,19,6831a9ec2753892f14822652.webp
6831a9ec2753892f14822653,Nicholls Charlie,Fremantle Dockers,22,6831a9ec2753892f14822653.webp
6831a9ec2753892f14822654,O'Driscoll Nathan,Fremantle Dockers,30,6831a9ec2753892f14822654.webp
6831a9ec2753892f14822655,O'Meara Jaeger,Fremantle Dockers,2,6831a9ec2753892f14822655.webp
6831a9ec2753892f14822656,Pearce Alex,Fremantle Dockers,25,6831a9ec2753892f14822656.webp
6831a9ec2753892f14822657,Reid Murphy,Fremantle Dockers,16,6831a9ec2753892f14822657.webp
6831a9ec2753892f14822658,Reidy Liam R,Fremantle Dockers,18,6831a9ec2753892f14822658.webp
6831a9ec2753892f14822659,Riddle Aiden R,Fremantle Dockers,42,6831a9ec2753892f14822659.webp
6831a9ec2753892f1482265a,Ryan Luke,Fremantle Dockers,13,6831a9ec2753892f1482265a.webp
6831a9ec2753892f1482265b,Serong Caleb,Fremantle Dockers,3,6831a9ec2753892f1482265b.webp
6831a9ec2753892f1482265c,Sharp Jeremy R,Fremantle Dockers,14,6831a9ec2753892f1482265c.webp
6831a9ec2753892f1482265d,Simpson Cooper,Fremantle Dockers,29,6831a9ec2753892f1482265d.webp
6831a9ec2753892f1482265e,Sturt Sam,Fremantle Dockers,1,6831a9ec2753892f1482265e.webp
6831a9ec2753892f1482265f,Switkowski Sam,Fremantle Dockers,39,6831a9ec2753892f1482265f.webp
6831a9ec2753892f14822660,Treacy Josh,Fremantle Dockers,35,6831a9ec2753892f14822660.webp
6831a9ec2753892f14822661,Voss Patrick R,Fremantle Dockers,20,6831a9ec2753892f14822661.webp
6831a9ec2753892f14822662,Wagner Corey,Fremantle Dockers,34,6831a9ec2753892f14822662.webp
6831a9ec2753892f14822663,Walker Brandon,Fremantle Dockers,31,6831a9ec2753892f14822663.webp
6831a9ec2753892f14822664,Walters Michael,Fremantle Dockers,10,6831a9ec2753892f14822664.webp
6831a9ec2753892f14822665,Worner Karl R,Fremantle Dockers,23,6831a9ec2753892f14822665.webp
6831a9ec2753892f14822666,Young Hayden,Fremantle Dockers,26,6831a9ec2753892f14822666.webp
6831a9ec2753892f14822668,Atkins Tom R,Geelong Cats,30,6831a9ec2753892f14822668.webp
6831a9ec2753892f14822669,Bews Jed,Geelong Cats,24,6831a9ec2753892f14822669.webp
6831a9ec2753892f1482266a,Blicavs Mark,Geelong Cats,46,6831a9ec2753892f1482266a.webp
6831a9ec2753892f1482266b,Bowes Jack,Geelong Cats,12,6831a9ec2753892f1482266b.webp
6831a9ec2753892f1482266c,Bruhn Tanner,Geelong Cats,4,6831a9ec2753892f1482266c.webp
6831a9ec2753892f1482266d,Burke Cillian R,Geelong Cats,41,6831a9ec2753892f1482266d.webp
6831a9ec2753892f1482266e,Cameron Jeremy,Geelong Cats,5,6831a9ec2753892f1482266e.webp
6831a9ec2753892f1482266f,Clark Jhye,Geelong Cats,13,6831a9ec2753892f1482266f.webp
6831a9ec2753892f14822670,Clohesy Ted R,Geelong Cats,40,6831a9ec2753892f14822670.webp
6831a9ec2753892f14822671,Close Bradley R,Geelong Cats,45,6831a9ec2753892f14822671.webp
6831a9ec2753892f14822672,Conway Toby,Geelong Cats,6,6831a9ec2753892f14822672.webp
6831a9ec2753892f14822673,Dangerfield Patrick,Geelong Cats,35,6831a9ec2753892f14822673.webp
6831a9ec2753892f14822674,De Koning Sam,Geelong Cats,16,6831a9ec2753892f14822674.webp
6831a9ec2753892f14822675,Dempsey Ollie R,Geelong Cats,28,6831a9ec2753892f14822675.webp
6831a9ec2753892f14822676,Duncan Mitchell,Geelong Cats,22,6831a9ec2753892f14822676.webp
6831a9ec2753892f14822677,Edwards Mitchell,Geelong Cats,11,6831a9ec2753892f14822677.webp
6831a9ec2753892f14822678,Guthrie Cameron,Geelong Cats,29,6831a9ec2753892f14822678.webp
6831a9ec2753892f14822679,Guthrie Zach,Geelong Cats,39,6831a9ec2753892f14822679.webp
6831a9ec2753892f1482267a,Henry Jack,Geelong Cats,38,6831a9ec2753892f1482267a.webp
6831a9ec2753892f1482267b,Henry Oliver,Geelong Cats,36,6831a9ec2753892f1482267b.webp
6831a9ec2753892f1482267c,Hoffman Lennox,Geelong Cats,23,6831a9ec2753892f1482267c.webp
6831a9ec2753892f1482267d,Holmes Max,Geelong Cats,9,6831a9ec2753892f1482267d.webp
6831a9ec2753892f1482267e,Humphries Lawson,Geelong Cats,17,6831a9ec2753892f1482267e.webp
6831a9ec2753892f1482267f,Ivisic Xavier R,Geelong Cats,25,6831a9ec2753892f1482267f.webp
6831a9ec2753892f14822680,Knevitt Mitchell,Geelong Cats,10,6831a9ec2753892f14822680.webp
6831a9ec2753892f14822681,Kolodjashnij Jake,Geelong Cats,8,6831a9ec2753892f14822681.webp
6831a9ec2753892f14822682,Mannagh Shaun,Geelong Cats,7,6831a9ec2753892f14822682.webp
6831a9ec2753892f14822683,Martin Jack,Geelong Cats,19,6831a9ec2753892f14822683.webp
6831a9ec2753892f14822684,Matofai-Forbes Keighton,Geelong Cats,31,6831a9ec2753892f14822684.webp
6831a9ec2753892f14822685,Miers Gryan,Geelong Cats,32,6831a9ec2753892f14822685.webp
6831a9ec2753892f14822686,Molier Jacob,Geelong Cats,20,6831a9ec2753892f14822686.webp
6831a9ec2753892f14822687,Mullin Oisin R,Geelong Cats,34,6831a9ec2753892f14822687.webp
6831a9ec2753892f14822688,Neale Shannon,Geelong Cats,33,6831a9ec2753892f14822688.webp
6831a9ec2753892f14822689,O'Connor Mark,Geelong Cats,42,6831a9ec2753892f14822689.webp
6831a9ec2753892f1482268a,O'Sullivan Connor,Geelong Cats,14,6831a9ec2753892f1482268a.webp
6831a9ec2753892f1482268b,Pike Joe R,Geelong Cats,37,6831a9ec2753892f1482268b.webp
6831a9ec2753892f1482268c,Polkinghorne Jay,Geelong Cats,2,6831a9ec2753892f1482268c.webp
6831a9ec2753892f1482268d,Retschko Patrick R,Geelong Cats,27,6831a9ec2753892f1482268d.webp
6831a9ec2753892f1482268e,Smith Bailey,Geelong Cats,3,6831a9ec2753892f1482268e.webp
6831a9ec2753892f1482268f,Stanley Rhys,Geelong Cats,1,6831a9ec2753892f1482268f.webp
6831a9ec2753892f14822690,Stengle Tyson,Geelong Cats,18,6831a9ec2753892f14822690.webp
6831a9ec2753892f14822691,Stevens George,Geelong Cats,15,6831a9ec2753892f14822691.webp
6831a9ec2753892f14822692,Stewart Thomas,Geelong Cats,44,6831a9ec2753892f14822692.webp
6831a9ec2753892f14822693,Wiltshire Oliver,Geelong Cats,21,6831a9ec2753892f14822693.webp
6831a9ec2753892f14822695,Ainsworth Ben,Gold Coast Suns,9,6831a9ec2753892f14822695.webp
6831a9ec2753892f14822696,Anderson Noah,Gold Coast Suns,15,6831a9ec2753892f14822696.webp
6831a9ec2753892f14822697,Andrew Mac,Gold Coast Suns,1,6831a9ec2753892f14822697.webp
6831a9ec2753892f14822698,Ballard Charlie,Gold Coast Suns,10,6831a9ec2753892f14822698.webp
6831a9ec2753892f14822699,Bell Cooper,Gold Coast Suns,31,6831a9ec2753892f14822699.webp
6831a9ec2753892f1482269a,Berry Thomas,Gold Coast Suns,16,6831a9ec2753892f1482269a.webp
6831a9ec2753892f1482269b,Budarick Connor,Gold Coast Suns,35,6831a9ec2753892f1482269b.webp
6831a9ec2753892f1482269c,Clohesy Sam R,Gold Coast Suns,33,6831a9ec2753892f1482269c.webp
6831a9ec2753892f1482269d,Collins Samuel,Gold Coast Suns,25,6831a9ec2753892f1482269d.webp
6831a9ec2753892f1482269e,Davies Alex,Gold Coast Suns,5,6831a9ec2753892f1482269e.webp
6831a9ec2753892f1482269f,Eastham Asher R,Gold Coast Suns,42,6831a9ec2753892f1482269f.webp
6831a9ec2753892f148226a0,Evans Zak R,Gold Coast Suns,36,6831a9ec2753892f148226a0.webp
6831a9ec2753892f148226a1,Farrar Jy,Gold Coast Suns,50,6831a9ec2753892f148226a1.webp
6831a9ec2753892f148226a2,Fiorini Brayden,Gold Coast Suns,8,6831a9ec2753892f148226a2.webp
6831a9ec2753892f148226a3,Flanders Sam,Gold Coast Suns,3,6831a9ec2753892f148226a3.webp
6831a9ec2753892f148226a4,Graham Caleb,Gold Coast Suns,46,6831a9ec2753892f148226a4.webp
6831a9ec2753892f148226a5,Graham Will,Gold Coast Suns,26,6831a9ec2753892f148226a5.webp
6831a9ec2753892f148226a6,Gulbin Lachlan R,Gold Coast Suns,39,6831a9ec2753892f148226a6.webp
6831a9ec2753892f148226a7,Himmelberg Elliott,Gold Coast Suns,12,6831a9ec2753892f148226a7.webp
6831a9ec2753892f148226a8,Holman Nicholas,Gold Coast Suns,7,6831a9ec2753892f148226a8.webp
6831a9ec2753892f148226a9,Humphrey Bailey,Gold Coast Suns,19,6831a9ec2753892f148226a9.webp
6831a9ec2753892f148226aa,Jeffrey Joel,Gold Coast Suns,40,6831a9ec2753892f148226aa.webp
6831a9ec2753892f148226ab,Jepson Ben R,Gold Coast Suns,44,6831a9ec2753892f148226ab.webp
6831a9ec2753892f148226ac,Johnston Lloyd R,Gold Coast Suns,38,6831a9ec2753892f148226ac.webp
6831a9ec2753892f148226ad,King Ben,Gold Coast Suns,34,6831a9ec2753892f148226ad.webp
6831a9ec2753892f148226ae,Knobel Max R,Gold Coast Suns,37,6831a9ec2753892f148226ae.webp
6831a9ec2753892f148226af,Lemmens Sean,Gold Coast Suns,23,6831a9ec2753892f148226af.webp
6831a9ec2753892f148226b0,Lombard Leo,Gold Coast Suns,30,6831a9ec2753892f148226b0.webp
6831a9ec2753892f148226b1,Long Ben,Gold Coast Suns,22,6831a9ec2753892f148226b1.webp
6831a9ec2753892f148226b2,Miller Touk,Gold Coast Suns,11,6831a9ec2753892f148226b2.webp
6831a9ec2753892f148226b3,Moyle Ned,Gold Coast Suns,21,6831a9ec2753892f148226b3.webp
6831a9ec2753892f148226b4,Noble John R,Gold Coast Suns,2,6831a9ec2753892f148226b4.webp
6831a9ec2753892f148226b5,Powell Wil,Gold Coast Suns,27,6831a9ec2753892f148226b5.webp
6831a9ec2753892f148226b6,Read Ethan,Gold Coast Suns,20,6831a9ec2753892f148226b6.webp
6831a9ec2753892f148226b7,Rioli Daniel,Gold Coast Suns,17,6831a9ec2753892f148226b7.webp
6831a9ec2753892f148226b8,Rogers Jake,Gold Coast Suns,29,6831a9ec2753892f148226b8.webp
6831a9ec2753892f148226b9,Rosas Malcolm R,Gold Coast Suns,41,6831a9ec2753892f148226b9.webp
6831a9ec2753892f148226ba,Rowell Matt,Gold Coast Suns,18,6831a9ec2753892f148226ba.webp
6831a9ec2753892f148226bb,Sexton Alex,Gold Coast Suns,6,6831a9ec2753892f148226bb.webp
6831a9ec2753892f148226bc,Swallow David,Gold Coast Suns,24,6831a9ec2753892f148226bc.webp
6831a9ec2753892f148226bd,Uwland Bodhi R,Gold Coast Suns,32,6831a9ec2753892f148226bd.webp
6831a9ec2753892f148226be,Walter Jed,Gold Coast Suns,4,6831a9ec2753892f148226be.webp
6831a9ec2753892f148226bf,Weller Lachlan,Gold Coast Suns,14,6831a9ec2753892f148226bf.webp
6831a9ec2753892f148226c0,Witts Jarrod,Gold Coast Suns,28,6831a9ec2753892f148226c0.webp
6831a9ec2753892f148226c2,Aleer Leek,GWS Giants,21,6831a9ec2753892f148226c2.webp
6831a9ec2753892f148226c3,Angove Cody,GWS Giants,29,6831a9ec2753892f148226c3.webp
6831a9ec2753892f148226c4,Angwin Ryan,GWS Giants,9,6831a9ec2753892f148226c4.webp
6831a9ec2753892f148226c5,Ash Lachlan,GWS Giants,7,6831a9ec2753892f148226c5.webp
6831a9ec2753892f148226c6,Bedford Toby,GWS Giants,14,6831a9ec2753892f148226c6.webp
6831a9ec2753892f148226c7,Briggs Kieren,GWS Giants,32,6831a9ec2753892f148226c7.webp
6831a9ec2753892f148226c8,Brown Callum R,GWS Giants,46,6831a9ec2753892f148226c8.webp
6831a9ec2753892f148226c9,Buckley Jack,GWS Giants,44,6831a9ec2753892f148226c9.webp
6831a9ec2753892f148226ca,Cadman Aaron,GWS Giants,5,6831a9ec2753892f148226ca.webp
6831a9ec2753892f148226cb,Callaghan Finn,GWS Giants,17,6831a9ec2753892f148226cb.webp
6831a9ec2753892f148226cc,Coniglio Stephen,GWS Giants,3,6831a9ec2753892f148226cc.webp
6831a9ec2753892f148226cd,Daniels Brent,GWS Giants,16,6831a9ec2753892f148226cd.webp
6831a9ec2753892f148226ce,Delana Josaia R,GWS Giants,38,6831a9ec2753892f148226ce.webp
6831a9ec2753892f148226cf,Derksen Wade R,GWS Giants,45,6831a9ec2753892f148226cf.webp
6831a9ec2753892f148226d0,Fahey Josh R,GWS Giants,34,6831a9ec2753892f148226d0.webp
6831a9ec2753892f148226d1,Fonti Joseph,GWS Giants,37,6831a9ec2753892f148226d1.webp
6831a9ec2753892f148226d2,Gothard Phoenix,GWS Giants,11,6831a9ec2753892f148226d2.webp
6831a9ec2753892f148226d3,Green Tom,GWS Giants,12,6831a9ec2753892f148226d3.webp
6831a9ec2753892f148226d4,Greene Toby,GWS Giants,4,6831a9ec2753892f148226d4.webp
6831a9ec2753892f148226d5,Gruzewski Max,GWS Giants,35,6831a9ec2753892f148226d5.webp
6831a9ec2753892f148226d6,Hannaford Oliver,GWS Giants,13,6831a9ec2753892f148226d6.webp
6831a9ec2753892f148226d7,Himmelberg Harrison,GWS Giants,27,6831a9ec2753892f148226d7.webp
6831a9ec2753892f148226d8,Hogan Jesse,GWS Giants,23,6831a9ec2753892f148226d8.webp
6831a9ec2753892f148226d9,Idun Connor,GWS Giants,39,6831a9ec2753892f148226d9.webp
6831a9ec2753892f148226da,Jones Darcy,GWS Giants,2,6831a9ec2753892f148226da.webp
6831a9ec2753892f148226db,Keeffe Lachlan R,GWS Giants,25,6831a9ec2753892f148226db.webp
6831a9ec2753892f148226dc,Kelly Joshua,GWS Giants,22,6831a9ec2753892f148226dc.webp
6831a9ec2753892f148226dd,Leake James,GWS Giants,30,6831a9ec2753892f148226dd.webp
6831a9ec2753892f148226de,Madden Nick R,GWS Giants,41,6831a9ec2753892f148226de.webp
6831a9ec2753892f148226df,McMullin Toby,GWS Giants,31,6831a9ec2753892f148226df.webp
6831a9ec2753892f148226e0,O'Halloran Xavier,GWS Giants,33,6831a9ec2753892f148226e0.webp
6831a9ec2753892f148226e1,Oliver Harrison,GWS Giants,19,6831a9ec2753892f148226e1.webp
6831a9ec2753892f148226e2,Ough Jack,GWS Giants,28,6831a9ec2753892f148226e2.webp
6831a9ec2753892f148226e3,Riccardi Jake,GWS Giants,26,6831a9ec2753892f148226e3.webp
6831a9ec2753892f148226e4,Rowston Harry,GWS Giants,24,6831a9ec2753892f148226e4.webp
6831a9ec2753892f148226e5,Smith Logan,GWS Giants,36,6831a9ec2753892f148226e5.webp
6831a9ec2753892f148226e6,Stone Conor,GWS Giants,18,6831a9ec2753892f148226e6.webp
6831a9ec2753892f148226e7,Stringer Jake,GWS Giants,20,6831a9ec2753892f148226e7.webp
6831a9ec2753892f148226e8,Taylor Sam,GWS Giants,15,6831a9ec2753892f148226e8.webp
6831a9ec2753892f148226e9,Thomas Harvey,GWS Giants,1,6831a9ec2753892f148226e9.webp
6831a9ec2753892f148226ea,Ward Callan,GWS Giants,8,6831a9ec2753892f148226ea.webp
6831a9ec2753892f148226eb,Wardius Nathan R,GWS Giants,42,6831a9ec2753892f148226eb.webp
6831a9ec2753892f148226ec,Wehr Jacob R,GWS Giants,10,6831a9ec2753892f148226ec.webp
6831a9ec2753892f148226ed,Whitfield Lachie,GWS Giants,6,6831a9ec2753892f148226ed.webp
6831a9ec2753892f148226ef,Amon Karl,Hawthorn Hawks,10,6831a9ec2753892f148226ef.webp
6831a9ec2753892f148226f0,Anderson Cody,Hawthorn Hawks,32,6831a9ec2753892f148226f0.webp
6831a9ec2753892f148226f1,Barrass Tom,Hawthorn Hawks,37,6831a9ec2753892f148226f1.webp
6831a9ec2753892f148226f2,Battle Josh,Hawthorn Hawks,24,6831a9ec2753892f148226f2.webp
6831a9ec2753892f148226f3,Blanck James R,Hawthorn Hawks,36,6831a9ec2753892f148226f3.webp
6831a9ec2753892f148226f4,Breust Luke,Hawthorn Hawks,22,6831a9ec2753892f148226f4.webp
6831a9ec2753892f148226f5,Butler Sam,Hawthorn Hawks,30,6831a9ec2753892f148226f5.webp
6831a9ec2753892f148226f6,Chol Mabior,Hawthorn Hawks,18,6831a9ec2753892f148226f6.webp
6831a9ec2753892f148226f7,D'Ambrosio Massimo R,Hawthorn Hawks,16,6831a9ec2753892f148226f7.webp
6831a9ec2753892f148226f8,Day Will,Hawthorn Hawks,12,6831a9ec2753892f148226f8.webp
6831a9ec2753892f148226f9,Dear Calsher,Hawthorn Hawks,35,6831a9ec2753892f148226f9.webp
6831a9ec2753892f148226fa,Frost Sam,Hawthorn Hawks,8,6831a9ec2753892f148226fa.webp
6831a9ec2753892f148226fb,Ginnivan Jack,Hawthorn Hawks,33,6831a9ec2753892f148226fb.webp
6831a9ec2753892f148226fc,Gunston Jack,Hawthorn Hawks,19,6831a9ec2753892f148226fc.webp
6831a9ec2753892f148226fd,Hardwick Blake,Hawthorn Hawks,15,6831a9ec2753892f148226fd.webp
6831a9ec2753892f148226fe,Hill Matt R,Hawthorn Hawks,41,6831a9ec2753892f148226fe.webp
6831a9ec2753892f148226ff,Hustwaite Henry,Hawthorn Hawks,44,6831a9ec2753892f148226ff.webp
6831a9ec2753892f14822700,Impey Jarman,Hawthorn Hawks,4,6831a9ec2753892f14822700.webp
6831a9ec2753892f14822701,Jiath Changkuoth,Hawthorn Hawks,9,6831a9ec2753892f14822701.webp
6831a9ec2753892f14822702,Lewis Mitchell,Hawthorn Hawks,2,6831a9ec2753892f14822702.webp
6831a9ec2753892f14822704,Macdonald Bailey,Hawthorn Hawks,42,6831a9ec2753892f14822704.webp
6831a9ec2753892f14822703,MacDonald Connor,Hawthorn Hawks,31,6831a9ec2753892f14822703.webp
6831a9ec2753892f14822705,Mackenzie Cameron,Hawthorn Hawks,28,6831a9ec2753892f14822705.webp
6831a9ec2753892f14822706,Maginness Finn,Hawthorn Hawks,20,6831a9ec2753892f14822706.webp
6831a9ec2753892f14822707,McCabe William,Hawthorn Hawks,27,6831a9ec2753892f14822707.webp
6831a9ec2753892f14822708,Meek Lloyd,Hawthorn Hawks,17,6831a9ec2753892f14822708.webp
6831a9ec2753892f14822709,Mitchell Seamus R,Hawthorn Hawks,40,6831a9ec2753892f14822709.webp
6831a9ec2753892f1482270a,Moore Dylan,Hawthorn Hawks,13,6831a9ec2753892f1482270a.webp
6831a9ec2753892f1482270b,Morrison Harry,Hawthorn Hawks,1,6831a9ec2753892f1482270b.webp
6831a9ec2753892f1482270c,Mraz Noah,Hawthorn Hawks,21,6831a9ec2753892f1482270c.webp
6831a9ec2753892f1482270d,Nash Conor,Hawthorn Hawks,11,6831a9ec2753892f1482270d.webp
6831a9ec2753892f1482270e,Newcombe Jai,Hawthorn Hawks,3,6831a9ec2753892f1482270e.webp
6831a9ec2753892f1482270f,Ramsden Max R,Hawthorn Hawks,38,6831a9ec2753892f1482270f.webp
6831a9ec2753892f14822710,Reeves Ned,Hawthorn Hawks,7,6831a9ec2753892f14822710.webp
6831a9ec2753892f14822711,Ryan Bodie,Hawthorn Hawks,26,6831a9ec2753892f14822711.webp
6831a9ec2753892f14822712,Scaife Jasper R,Hawthorn Hawks,39,6831a9ec2753892f14822712.webp
6831a9ec2753892f14822713,Scrimshaw Jack,Hawthorn Hawks,14,6831a9ec2753892f14822713.webp
6831a9ec2753892f14822714,Serong Jai,Hawthorn Hawks,29,6831a9ec2753892f14822714.webp
6831a9ec2753892f14822715,Sicily James,Hawthorn Hawks,6,6831a9ec2753892f14822715.webp
6831a9ec2753892f14822716,Uhr-Henry Jaime R,Hawthorn Hawks,43,6831a9ec2753892f14822716.webp
6831a9ec2753892f14822717,Ward Josh,Hawthorn Hawks,25,6831a9ec2753892f14822717.webp
6831a9ec2753892f14822718,Watson Nick,Hawthorn Hawks,34,6831a9ec2753892f14822718.webp
6831a9ec2753892f14822719,Weddle Joshua,Hawthorn Hawks,23,6831a9ec2753892f14822719.webp
6831a9ec2753892f1482271a,Worpel James,Hawthorn Hawks,5,6831a9ec2753892f1482271a.webp
6831a9ec2753892f1482271c,Adams Jed,Melbourne Demons,26,6831a9ec2753892f1482271c.webp
6831a9ec2753892f1482271d,Billings Jack,Melbourne Demons,14,6831a9ec2753892f1482271d.webp
6831a9ec2753892f1482271e,Bowey Jake,Melbourne Demons,17,6831a9ec2753892f1482271e.webp
6831a9ec2753892f1482271f,Brown Kynan R,Melbourne Demons,41,6831a9ec2753892f1482271f.webp
6831a9ec2753892f14822720,Campbell Tom,Melbourne Demons,29,6831a9ec2753892f14822720.webp
6831a9ec2753892f14822721,Chandler Kade,Melbourne Demons,37,6831a9ec2753892f14822721.webp
6831a9ec2753892f14822722,Culley Jai R,Melbourne Demons,46,6831a9ec2753892f14822722.webp
6831a9ec2753892f14822723,Fritsch Bayley,Melbourne Demons,31,6831a9ec2753892f14822723.webp
6831a9ec2753892f14822724,Fullarton Tom,Melbourne Demons,33,6831a9ec2753892f14822724.webp
6831a9ec2753892f14822725,Gawn Max,Melbourne Demons,11,6831a9ec2753892f14822725.webp
6831a9ec2753892f14822726,Henderson Jack R,Melbourne Demons,43,6831a9ec2753892f14822726.webp
6831a9ec2753892f14822727,Hore Marty R,Melbourne Demons,27,6831a9ec2753892f14822727.webp
6831a9ec2753892f14822728,Howes Blake,Melbourne Demons,22,6831a9ec2753892f14822728.webp
6831a9ec2753892f14822729,Jefferson Matthew,Melbourne Demons,21,6831a9ec2753892f14822729.webp
6831a9ec2753892f1482272a,Johnson Aidan,Melbourne Demons,42,6831a9ec2753892f1482272a.webp
6831a9ec2753892f1482272b,Kentfield Luker R,Melbourne Demons,44,6831a9ec2753892f1482272b.webp
6831a9ec2753892f1482272c,Langdon Ed,Melbourne Demons,15,6831a9ec2753892f1482272c.webp
6831a9ec2753892f1482272d,Langford Harvey,Melbourne Demons,19,6831a9ec2753892f1482272d.webp
6831a9ec2753892f1482272e,Laurie Bailey,Melbourne Demons,16,6831a9ec2753892f1482272e.webp
6831a9ec2753892f1482272f,Lever Jake,Melbourne Demons,8,6831a9ec2753892f1482272f.webp
6831a9ec2753892f14822730,Lindsay Xavier,Melbourne Demons,20,6831a9ec2753892f14822730.webp
6831a9ec2753892f14822731,May Steven,Melbourne Demons,1,6831a9ec2753892f14822731.webp
6831a9ec2753892f14822732,McAdam Shane,Melbourne Demons,23,6831a9ec2753892f14822732.webp
6831a9ec2753892f14822733,McDonald Tom,Melbourne Demons,25,6831a9ec2753892f14822733.webp
6831a9ec2753892f14822734,McVee Judd R,Melbourne Demons,4,6831a9ec2753892f14822734.webp
6831a9ec2753892f14822735,Melksham Jake,Melbourne Demons,18,6831a9ec2753892f14822735.webp
6831a9ec2753892f14822736,Mentha Ricky R,Melbourne Demons,39,6831a9ec2753892f14822736.webp
6831a9ec2753892f14822737,Moniz-Wakefield Andy R,Melbourne Demons,45,6831a9ec2753892f14822737.webp
6831a9ec2753892f14822738,Oliver Clayton,Melbourne Demons,13,6831a9ec2753892f14822738.webp
6831a9ec2753892f14822739,Petracca Christian,Melbourne Demons,5,6831a9ec2753892f14822739.webp
6831a9ec2753892f1482273a,Petty Harrison,Melbourne Demons,35,6831a9ec2753892f1482273a.webp
6831a9ec2753892f1482273b,Pickett Kysaiah,Melbourne Demons,36,6831a9ec2753892f1482273b.webp
6831a9ec2753892f1482273c,Rivers Trent,Melbourne Demons,24,6831a9ec2753892f1482273c.webp
6831a9ec2753892f1482273d,Salem Christian,Melbourne Demons,3,6831a9ec2753892f1482273d.webp
6831a9ec2753892f1482273e,Sestan Oliver R,Melbourne Demons,38,6831a9ec2753892f1482273e.webp
6831a9ec2753892f1482273f,Sharp Harry,Melbourne Demons,30,6831a9ec2753892f1482273f.webp
6831a9ec2753892f14822740,Spargo Charlie,Melbourne Demons,9,6831a9ec2753892f14822740.webp
6831a9ec2753892f14822741,Sparrow Tom,Melbourne Demons,32,6831a9ec2753892f14822741.webp
6831a9ec2753892f14822742,Tholstrup Koltyn,Melbourne Demons,12,6831a9ec2753892f14822742.webp
6831a9ec2753892f14822743,Turner Daniel,Melbourne Demons,10,6831a9ec2753892f14822743.webp
6831a9ec2753892f14822744,Van Rooyen Jacob,Melbourne Demons,2,6831a9ec2753892f14822744.webp
6831a9ec2753892f14822745,Verrall Will R,Melbourne Demons,28,6831a9ec2753892f14822745.webp
6831a9ec2753892f14822746,Viney Jack,Melbourne Demons,7,6831a9ec2753892f14822746.webp
6831a9ec2753892f14822747,Windsor Caleb,Melbourne Demons,6,6831a9ec2753892f14822747.webp
6831a9ec2753892f14822748,Woewodin Taj,Melbourne Demons,40,6831a9ec2753892f14822748.webp
6831a9ec2753892f1482274a,Archer Jackson,North Melbourne Kangaroos,34,6831a9ec2753892f1482274a.webp
6831a9ec2753892f1482274b,Bergman Miller,North Melbourne Kangaroos,27,6831a9ec2753892f1482274b.webp
6831a9ec2753892f1482274c,Coleman-Jones Callum,North Melbourne Kangaroos,21,6831a9ec2753892f1482274c.webp
6831a9ec2753892f1482274d,Comben Charlie,North Melbourne Kangaroos,30,6831a9ec2753892f1482274d.webp
6831a9ec2753892f1482274e,Corr Aidan,North Melbourne Kangaroos,4,6831a9ec2753892f1482274e.webp
6831a9ec2753892f1482274f,Curtis Paul,North Melbourne Kangaroos,25,6831a9ec2753892f1482274f.webp
6831a9ec2753892f14822750,Daniel Caleb,North Melbourne Kangaroos,5,6831a9ec2753892f14822750.webp
6831a9ec2753892f14822751,Darling Jack,North Melbourne Kangaroos,28,6831a9ec2753892f14822751.webp
6831a9ec2753892f14822752,Davies-Uniacke Luke,North Melbourne Kangaroos,9,6831a9ec2753892f14822752.webp
6831a9ec2753892f14822753,Dawson Kallan R,North Melbourne Kangaroos,42,6831a9ec2753892f14822753.webp
6831a9ec2753892f14822754,Dawson Will,North Melbourne Kangaroos,18,6831a9ec2753892f14822754.webp
6831a9ec2753892f14822755,Duursma Zane,North Melbourne Kangaroos,7,6831a9ec2753892f14822755.webp
6831a9ec2753892f14822756,Fisher Zac,North Melbourne Kangaroos,16,6831a9ec2753892f14822756.webp
6831a9ec2753892f14822757,Ford Eddie,North Melbourne Kangaroos,40,6831a9ec2753892f14822757.webp
6831a9ec2753892f14822758,George Brayden,North Melbourne Kangaroos,33,6831a9ec2753892f14822758.webp
6831a9ec2753892f14822759,Goad Taylor,North Melbourne Kangaroos,22,6831a9ec2753892f14822759.webp
6831a9ec2753892f1482275a,Goater Josh,North Melbourne Kangaroos,31,6831a9ec2753892f1482275a.webp
6831a9ec2753892f1482275b,Hansen Robert R,North Melbourne Kangaroos,46,6831a9ec2753892f1482275b.webp
6831a9ec2753892f1482275c,Hardeman Riley,North Melbourne Kangaroos,17,6831a9ec2753892f1482275c.webp
6831a9ec2753892f1482275d,Harvey Cooper,North Melbourne Kangaroos,37,6831a9ec2753892f1482275d.webp
6831a9ec2753892f1482275e,Konstanty Jacob,North Melbourne Kangaroos,41,6831a9ec2753892f1482275e.webp
6831a9ec2753892f1482275f,Larkey Nick,North Melbourne Kangaroos,20,6831a9ec2753892f1482275f.webp
6831a9ec2753892f14822760,Logue Griffin,North Melbourne Kangaroos,19,6831a9ec2753892f14822760.webp
6831a9ec2753892f14822761,Maley Finnbar R,North Melbourne Kangaroos,39,6831a9ec2753892f14822761.webp
6831a9ec2753892f14822762,McDonald Luke,North Melbourne Kangaroos,11,6831a9ec2753892f14822762.webp
6831a9ec2753892f14822763,McKercher Colby,North Melbourne Kangaroos,10,6831a9ec2753892f14822763.webp
6831a9ec2753892f14822764,O'Sullivan Finn,North Melbourne Kangaroos,2,6831a9ec2753892f14822764.webp
6831a9ec2753892f14822765,Parker Luke,North Melbourne Kangaroos,26,6831a9ec2753892f14822765.webp
6831a9ec2753892f14822766,Payne Geordie R,North Melbourne Kangaroos,23,6831a9ec2753892f14822766.webp
6831a9ec2753892f14822767,Phillips Will,North Melbourne Kangaroos,29,6831a9ec2753892f14822767.webp
6831a9ec2753892f14822768,Pink Toby R,North Melbourne Kangaroos,32,6831a9ec2753892f14822768.webp
6831a9ec2753892f14822769,Powell Tom,North Melbourne Kangaroos,24,6831a9ec2753892f14822769.webp
6831a9ec2753892f1482276a,Scott Bailey,North Melbourne Kangaroos,8,6831a9ec2753892f1482276a.webp
6831a9ec2753892f1482276b,Sheezel Harry,North Melbourne Kangaroos,3,6831a9ec2753892f1482276b.webp
6831a9ec2753892f1482276c,Simpkin Jy,North Melbourne Kangaroos,12,6831a9ec2753892f1482276c.webp
6831a9ec2753892f1482276d,Stephens Dylan,North Melbourne Kangaroos,15,6831a9ec2753892f1482276d.webp
6831a9ec2753892f1482276e,Stevens River,North Melbourne Kangaroos,36,6831a9ec2753892f1482276e.webp
6831a9ec2753892f1482276f,Teakle Brynn R,North Melbourne Kangaroos,43,6831a9ec2753892f1482276f.webp
6831a9ec2753892f14822770,Tucker Darcy,North Melbourne Kangaroos,13,6831a9ec2753892f14822770.webp
6831a9ec2753892f14822771,Urquhart Luke,North Melbourne Kangaroos,14,6831a9ec2753892f14822771.webp
6831a9ec2753892f14822772,Wardlaw George,North Melbourne Kangaroos,6,6831a9ec2753892f14822772.webp
6831a9ec2753892f14822773,Whitlock Matt,North Melbourne Kangaroos,35,6831a9ec2753892f14822773.webp
6831a9ec2753892f14822774,Xerri Tristan,North Melbourne Kangaroos,38,6831a9ec2753892f14822774.webp
6831a9ec2753892f14822775,Zurhaar Cameron,North Melbourne Kangaroos,44,6831a9ec2753892f14822775.webp
6831a9ec2753892f14822777,Aliir Aliir,Port Adelaide Power,21,6831a9ec2753892f14822777.webp
6831a9ec2753892f14822778,Anastasopoulos Tom,Port Adelaide Power,29,6831a9ec2753892f14822778.webp
6831a9ec2753892f14822779,Atkins Rory,Port Adelaide Power,32,6831a9ec2753892f14822779.webp
6831a9ec2753892f1482277a,Barrett Benny R,Port Adelaide Power,40,6831a9ec2753892f1482277a.webp
6831a9ec2753892f1482277b,Bergman Miles,Port Adelaide Power,14,6831a9ec2753892f1482277b.webp
6831a9ec2753892f1482277c,Berry Joe,Port Adelaide Power,5,6831a9ec2753892f1482277c.webp
6831a9ec2753892f1482277d,Boak Travis,Port Adelaide Power,10,6831a9ec2753892f1482277d.webp
6831a9ec2753892f1482277e,Burgoyne Jase,Port Adelaide Power,7,6831a9ec2753892f1482277e.webp
6831a9ec2753892f1482277f,Burton Ryan,Port Adelaide Power,3,6831a9ec2753892f1482277f.webp
6831a9ec2753892f14822780,Butters Zak,Port Adelaide Power,9,6831a9ec2753892f14822780.webp
6831a9ec2753892f14822781,Byrne-Jones Darcy,Port Adelaide Power,33,6831a9ec2753892f14822781.webp
6831a9ec2753892f14822782,Charleson Lachlan,Port Adelaide Power,26,6831a9ec2753892f14822782.webp
6831a9ec2753892f14822783,Cochrane Tom R,Port Adelaide Power,37,6831a9ec2753892f14822783.webp
6831a9ec2753892f14822784,Drew Willem,Port Adelaide Power,28,6831a9ec2753892f14822784.webp
6831a9ec2753892f14822785,Evans Logan R,Port Adelaide Power,22,6831a9ec2753892f14822785.webp
6831a9ec2753892f14822786,Farrell Kane,Port Adelaide Power,6,6831a9ec2753892f14822786.webp
6831a9ec2753892f14822787,Finlayson Jeremy,Port Adelaide Power,11,6831a9ec2753892f14822787.webp
6831a9ec2753892f14822788,Georgiades Mitch,Port Adelaide Power,19,6831a9ec2753892f14822788.webp
6831a9ec2753892f14822789,Horne-Francis Jason,Port Adelaide Power,18,6831a9ec2753892f14822789.webp
6831a9ec2753892f1482278a,Jackson Hugh,Port Adelaide Power,39,6831a9ec2753892f1482278a.webp
6831a9ec2753892f1482278b,Jones Lachlan,Port Adelaide Power,34,6831a9ec2753892f1482278b.webp
6831a9ec2753892f1482278c,Lai Josh R,Port Adelaide Power,43,6831a9ec2753892f1482278c.webp
6831a9ec2753892f1482278d,Lord Ollie,Port Adelaide Power,30,6831a9ec2753892f1482278d.webp
6831a9ec2753892f1482278e,Lorenz Will,Port Adelaide Power,36,6831a9ec2753892f1482278e.webp
6831a9ec2753892f1482278f,Lukosius Jack,Port Adelaide Power,12,6831a9ec2753892f1482278f.webp
6831a9ec2753892f14822790,Marshall Todd,Port Adelaide Power,4,6831a9ec2753892f14822790.webp
6831a9ec2753892f14822791,McEntee Jed R,Port Adelaide Power,41,6831a9ec2753892f14822791.webp
6831a9ec2753892f14822792,Mead Jackson,Port Adelaide Power,44,6831a9ec2753892f14822792.webp
6831a9ec2753892f14822793,Moraes Christian,Port Adelaide Power,31,6831a9ec2753892f14822793.webp
6831a9ec2753892f14822794,Moss Jacob R,Port Adelaide Power,42,6831a9ec2753892f14822794.webp
6831a9ec2753892f14822795,Powell-Pepper Sam,Port Adelaide Power,2,6831a9ec2753892f14822795.webp
6831a9ec2753892f14822796,Ratugolea Esava,Port Adelaide Power,27,6831a9ec2753892f14822796.webp
6831a9ec2753892f14822797,Richards Joe,Port Adelaide Power,35,6831a9ec2753892f14822797.webp
6831a9ec2753892f14822798,Rioli Willie,Port Adelaide Power,15,6831a9ec2753892f14822798.webp
6831a9ec2753892f14822799,Rozee Connor,Port Adelaide Power,1,6831a9ec2753892f14822799.webp
6831a9ec2753892f1482279a,Sinn Josh,Port Adelaide Power,8,6831a9ec2753892f1482279a.webp
6831a9ec2753892f1482279b,Soldo Ivan,Port Adelaide Power,13,6831a9ec2753892f1482279b.webp
6831a9ec2753892f1482279c,Sweet Jordon R,Port Adelaide Power,24,6831a9ec2753892f1482279c.webp
6831a9ec2753892f1482279d,Visentini Dante,Port Adelaide Power,38,6831a9ec2753892f1482279d.webp
6831a9ec2753892f1482279e,Walsh Xavier R,Port Adelaide Power,45,6831a9ec2753892f1482279e.webp
6831a9ec2753892f1482279f,Whitlock Jack,Port Adelaide Power,17,6831a9ec2753892f1482279f.webp
6831a9ec2753892f148227a0,Williams Dylan R,Port Adelaide Power,23,6831a9ec2753892f148227a0.webp
6831a9ec2753892f148227a1,Wines Oliver,Port Adelaide Power,16,6831a9ec2753892f148227a1.webp
6831a9ec2753892f148227a2,Zerk-Thatcher Brandon,Port Adelaide Power,25,6831a9ec2753892f148227a2.webp
6831a9ec2753892f148227a4,Alger Jasper,Richmond Tigers,29,6831a9ec2753892f148227a4.webp
6831a9ec2753892f148227a5,Armstrong Harry,Richmond Tigers,34,6831a9ec2753892f148227a5.webp
6831a9ec2753892f148227a6,Balta Noah,Richmond Tigers,21,6831a9ec2753892f148227a6.webp
6831a9ec2753892f148227a7,Banks Sam,Richmond Tigers,41,6831a9ec2753892f148227a7.webp
6831a9ec2753892f148227a8,Bauer Jacob R,Richmond Tigers,43,6831a9ec2753892f148227a8.webp
6831a9ec2753892f148227a9,Blight Jacob R,Richmond Tigers,46,6831a9ec2753892f148227a9.webp
6831a9ec2753892f148227aa,Broad Nathan,Richmond Tigers,35,6831a9ec2753892f148227aa.webp
6831a9ec2753892f148227ab,Brown Tom,Richmond Tigers,30,6831a9ec2753892f148227ab.webp
6831a9ec2753892f148227ac,Campbell Seth R,Richmond Tigers,44,6831a9ec2753892f148227ac.webp
6831a9ec2753892f148227ad,Clarke Judson,Richmond Tigers,23,6831a9ec2753892f148227ad.webp
6831a9ec2753892f148227ae,Colina Mate R,Richmond Tigers,39,6831a9ec2753892f148227ae.webp
6831a9ec2753892f148227af,Dow Thomson,Richmond Tigers,27,6831a9ec2753892f148227af.webp
6831a9ec2753892f148227b0,Faull Jonty,Richmond Tigers,26,6831a9ec2753892f148227b0.webp
6831a9ec2753892f148227b1,Fawcett Liam,Richmond Tigers,37,6831a9ec2753892f148227b1.webp
6831a9ec2753892f148227b2,Gibcus Josh,Richmond Tigers,18,6831a9ec2753892f148227b2.webp
6831a9ec2753892f148227b3,Gray Campbell R,Richmond Tigers,50,6831a9ec2753892f148227b3.webp
6831a9ec2753892f148227b4,Green Steely,Richmond Tigers,48,6831a9ec2753892f148227b4.webp
6831a9ec2753892f148227b5,Hayes-Brown Oliver R,Richmond Tigers,47,6831a9ec2753892f148227b5.webp
6831a9ec2753892f148227b6,Hopper Jacob,Richmond Tigers,2,6831a9ec2753892f148227b6.webp
6831a9ec2753892f148227b7,Hotton Taj,Richmond Tigers,24,6831a9ec2753892f148227b7.webp
6831a9ec2753892f148227b8,Koschitzke Jacob,Richmond Tigers,20,6831a9ec2753892f148227b8.webp
6831a9ec2753892f148227b9,Lalor Sam,Richmond Tigers,22,6831a9ec2753892f148227b9.webp
6831a9ec2753892f148227ba,Lefau Mykelti R,Richmond Tigers,42,6831a9ec2753892f148227ba.webp
6831a9ec2753892f148227bb,Lynch Tom,Richmond Tigers,19,6831a9ec2753892f148227bb.webp
6831a9ec2753892f148227bc,Mansell Rhyan,Richmond Tigers,7,6831a9ec2753892f148227bc.webp
6831a9ec2753892f148227bd,McAuliffe Kane,Richmond Tigers,28,6831a9ec2753892f148227bd.webp
6831a9ec2753892f148227be,McIntosh Kamdyn,Richmond Tigers,33,6831a9ec2753892f148227be.webp
6831a9ec2753892f148227bf,Miller Ben,Richmond Tigers,12,6831a9ec2753892f148227bf.webp
6831a9ec2753892f148227c0,Nankervis Toby,Richmond Tigers,25,6831a9ec2753892f148227c0.webp
6831a9ec2753892f148227c1,Prestia Dion,Richmond Tigers,3,6831a9ec2753892f148227c1.webp
6831a9ec2753892f148227c2,Ralphsmith Hugo,Richmond Tigers,13,6831a9ec2753892f148227c2.webp
6831a9ec2753892f148227c3,Rioli Maurice,Richmond Tigers,17,6831a9ec2753892f148227c3.webp
6831a9ec2753892f148227c4,Ross Jack,Richmond Tigers,5,6831a9ec2753892f148227c4.webp
6831a9ec2753892f148227c5,Ryan Samson,Richmond Tigers,32,6831a9ec2753892f148227c5.webp
6831a9ec2753892f148227c6,Short Jayden,Richmond Tigers,15,6831a9ec2753892f148227c6.webp
6831a9ec2753892f148227c7,Sims Thomas,Richmond Tigers,38,6831a9ec2753892f148227c7.webp
6831a9ec2753892f148227c8,Smillie Josh,Richmond Tigers,16,6831a9ec2753892f148227c8.webp
6831a9ec2753892f148227c9,Smith Kaleb,Richmond Tigers,49,6831a9ec2753892f148227c9.webp
6831a9ec2753892f148227ca,Sonsie Tyler,Richmond Tigers,40,6831a9ec2753892f148227ca.webp
6831a9ec2753892f148227cb,Taranto Tim,Richmond Tigers,14,6831a9ec2753892f148227cb.webp
6831a9ec2753892f148227cc,Trainor Luke,Richmond Tigers,31,6831a9ec2753892f148227cc.webp
6831a9ec2753892f148227cd,Trezise James R,Richmond Tigers,36,6831a9ec2753892f148227cd.webp
6831a9ec2753892f148227ce,Vlastuin Nick,Richmond Tigers,1,6831a9ec2753892f148227ce.webp
6831a9ec2753892f148227cf,Young Tylar R,Richmond Tigers,45,6831a9ec2753892f148227cf.webp
6831a9ec2753892f148227d1,Armstrong Eamonn R,St Kilda Saints,46,6831a9ec2753892f148227d1.webp
6831a9ec2753892f148227d2,Barrat James,St Kilda Saints,28,6831a9ec2753892f148227d2.webp
6831a9ec2753892f148227d3,Boxshall Hugh,St Kilda Saints,38,6831a9ec2753892f148227d3.webp
6831a9ec2753892f148227d4,Boyd Harry R,St Kilda Saints,31,6831a9ec2753892f148227d4.webp
6831a9ec2753892f148227d5,Butler Daniel,St Kilda Saints,16,6831a9ec2753892f148227d5.webp
6831a9ec2753892f148227d6,Byrnes Ryan,St Kilda Saints,13,6831a9ec2753892f148227d6.webp
6831a9ec2753892f148227d7,Caminiti Anthony R,St Kilda Saints,47,6831a9ec2753892f148227d7.webp
6831a9ec2753892f148227d8,Carroll Jack,St Kilda Saints,18,6831a9ec2753892f148227d8.webp
6831a9ec2753892f148227d9,Clark Hunter,St Kilda Saints,11,6831a9ec2753892f148227d9.webp
6831a9ec2753892f148227da,Collard Lance,St Kilda Saints,4,6831a9ec2753892f148227da.webp
6831a9ec2753892f148227db,Cordy Zaine,St Kilda Saints,21,6831a9ec2753892f148227db.webp
6831a9ec2753892f148227dc,Dodson Alex,St Kilda Saints,30,6831a9ec2753892f148227dc.webp
6831a9ec2753892f148227dd,Dow Paddy,St Kilda Saints,15,6831a9ec2753892f148227dd.webp
6831a9ec2753892f148227de,Garcia Hugo,St Kilda Saints,34,6831a9ec2753892f148227de.webp
6831a9ec2753892f148227df,Hall Max R,St Kilda Saints,40,6831a9ec2753892f148227df.webp
6831a9ec2753892f148227e0,Hastie Angus,St Kilda Saints,24,6831a9ec2753892f148227e0.webp
6831a9ec2753892f148227e1,Heath Max R,St Kilda Saints,42,6831a9ec2753892f148227e1.webp
6831a9ec2753892f148227e2,Henry Liam,St Kilda Saints,23,6831a9ec2753892f148227e2.webp
6831a9ec2753892f148227e3,Higgins Jack,St Kilda Saints,1,6831a9ec2753892f148227e3.webp
6831a9ec2753892f148227e4,Hill Bradley,St Kilda Saints,8,6831a9ec2753892f148227e4.webp
6831a9ec2753892f148227e5,Howard Dougal,St Kilda Saints,20,6831a9ec2753892f148227e5.webp
6831a9ec2753892f148227e6,Jones Zak,St Kilda Saints,3,6831a9ec2753892f148227e6.webp
6831a9ec2753892f148227e7,Keeler Isaac,St Kilda Saints,17,6831a9ec2753892f148227e7.webp
6831a9ec2753892f148227e8,King Max,St Kilda Saints,12,6831a9ec2753892f148227e8.webp
6831a9ec2753892f148227e9,Macrae Jackson,St Kilda Saints,6,6831a9ec2753892f148227e9.webp
6831a9ec2753892f148227ea,Marshall Rowan,St Kilda Saints,19,6831a9ec2753892f148227ea.webp
6831a9ec2753892f148227eb,McLennan Angus R,St Kilda Saints,41,6831a9ec2753892f148227eb.webp
6831a9ec2753892f148227ec,O'Connell Liam R,St Kilda Saints,45,6831a9ec2753892f148227ec.webp
6831a9ec2753892f148227ed,Owens Mitchito,St Kilda Saints,10,6831a9ec2753892f148227ed.webp
6831a9ec2753892f148227ee,Phillipou Mattaes,St Kilda Saints,25,6831a9ec2753892f148227ee.webp
6831a9ec2753892f148227ef,Said Patrick,St Kilda Saints,33,6831a9ec2753892f148227ef.webp
6831a9ec2753892f148227f0,Schoenmaker Arie,St Kilda Saints,27,6831a9ec2753892f148227f0.webp
6831a9ec2753892f148227f1,Sharman Cooper R,St Kilda Saints,43,6831a9ec2753892f148227f1.webp
6831a9ec2753892f148227f2,Sinclair Jack,St Kilda Saints,35,6831a9ec2753892f148227f2.webp
6831a9ec2753892f148227f3,Steele Jack,St Kilda Saints,9,6831a9ec2753892f148227f3.webp
6831a9ec2753892f148227f4,Stocker Liam,St Kilda Saints,14,6831a9ec2753892f148227f4.webp
6831a9ec2753892f148227f5,Tauru Alix,St Kilda Saints,26,6831a9ec2753892f148227f5.webp
6831a9ec2753892f148227f6,Travaglia Tobie,St Kilda Saints,5,6831a9ec2753892f148227f6.webp
6831a9ec2753892f148227f7,Wanganeen-Milera Nasiah,St Kilda Saints,7,6831a9ec2753892f148227f7.webp
6831a9ec2753892f148227f8,Webster Jimmy,St Kilda Saints,29,6831a9ec2753892f148227f8.webp
6831a9ec2753892f148227f9,Wilkie Callum,St Kilda Saints,44,6831a9ec2753892f148227f9.webp
6831a9ec2753892f148227fa,Wilson Darcy,St Kilda Saints,22,6831a9ec2753892f148227fa.webp
6831a9ec2753892f148227fb,Windhager Marcus,St Kilda Saints,2,6831a9ec2753892f148227fb.webp
6831a9ec2753892f148227fc,Wood Mason,St Kilda Saints,32,6831a9ec2753892f148227fc.webp
6831a9ec2753892f148227fe,Adams, Taylor,Sydney Swans,undefined,6831a9ec2753892f148227fe.webp
6831a9ec2753892f148227ff,Amartey, Joel,Sydney Swans,undefined,6831a9ec2753892f148227ff.webp
6831a9ec2753892f14822800,Andrew, Riak,Sydney Swans,undefined,6831a9ec2753892f14822800.webp
6831a9ec2753892f14822801,Bice, Riley,Sydney Swans,undefined,6831a9ec2753892f14822801.webp
6831a9ec2753892f14822802,Blakey, Nick,Sydney Swans,undefined,6831a9ec2753892f14822802.webp
6831a9ec2753892f14822803,Bowman, Ned,Sydney Swans,undefined,6831a9ec2753892f14822803.webp
6831a9ec2753892f14822804,Buller, Jack R,Sydney Swans,undefined,6831a9ec2753892f14822804.webp
6831a9ec2753892f14822805,Campbell, Braeden,Sydney Swans,undefined,6831a9ec2753892f14822805.webp
6831a9ec2753892f14822806,Cleary, Caiden,Sydney Swans,undefined,6831a9ec2753892f14822806.webp
6831a9ec2753892f14822807,Cunningham, Harry,Sydney Swans,undefined,6831a9ec2753892f14822807.webp
6831a9ec2753892f14822808,Dattoli, Jesse,Sydney Swans,undefined,6831a9ec2753892f14822808.webp
6831a9ec2753892f14822809,Edwards, Will R,Sydney Swans,undefined,6831a9ec2753892f14822809.webp
6831a9ec2753892f1482280a,Florent, Oliver,Sydney Swans,undefined,6831a9ec2753892f1482280a.webp
6831a9ec2753892f1482280b,Fox, Robbie,Sydney Swans,undefined,6831a9ec2753892f1482280b.webp
6831a9ec2753892f1482280c,Francis, Aaron R,Sydney Swans,undefined,6831a9ec2753892f1482280c.webp
6831a9ec2753892f1482280d,Green, Will,Sydney Swans,undefined,6831a9ec2753892f1482280d.webp
6831a9ec2753892f1482280e,Grundy, Brodie,Sydney Swans,undefined,6831a9ec2753892f1482280e.webp
6831a9ec2753892f1482280f,Gulden, Errol,Sydney Swans,undefined,6831a9ec2753892f1482280f.webp
6831a9ec2753892f14822810,Hamling, Joel R,Sydney Swans,undefined,6831a9ec2753892f14822810.webp
6831a9ec2753892f14822811,Hanily, Tom R,Sydney Swans,undefined,6831a9ec2753892f14822811.webp
6831a9ec2753892f14822812,Hayward, Will,Sydney Swans,undefined,6831a9ec2753892f14822812.webp
6831a9ec2753892f14822813,Heeney, Isaac,Sydney Swans,undefined,6831a9ec2753892f14822813.webp
6831a9ec2753892f14822814,Jordon, James,Sydney Swans,undefined,6831a9ec2753892f14822814.webp
6831a9ec2753892f14822815,Kirk, Indhi R,Sydney Swans,undefined,6831a9ec2753892f14822815.webp
6831a9ec2753892f14822816,Ladhams, Peter,Sydney Swans,undefined,6831a9ec2753892f14822816.webp
6831a9ec2753892f14822817,Leidler, Blake R,Sydney Swans,undefined,6831a9ec2753892f14822817.webp
6831a9ec2753892f14822818,Lloyd, Jake,Sydney Swans,undefined,6831a9ec2753892f14822818.webp
6831a9ec2753892f14822819,McCartin, Tom,Sydney Swans,undefined,6831a9ec2753892f14822819.webp
6831a9ec2753892f1482281a,McDonald, Logan,Sydney Swans,undefined,6831a9ec2753892f1482281a.webp
6831a9ec2753892f1482281b,McInerney, Justin,Sydney Swans,undefined,6831a9ec2753892f1482281b.webp
6831a9ec2753892f1482281c,McLean, Hayden R,Sydney Swans,undefined,6831a9ec2753892f1482281c.webp
6831a9ec2753892f1482281d,Melican, Lewis,Sydney Swans,undefined,6831a9ec2753892f1482281d.webp
6831a9ec2753892f1482281e,Mills, Callum,Sydney Swans,undefined,6831a9ec2753892f1482281e.webp
6831a9ec2753892f1482281f,Mitchell, Caleb,Sydney Swans,undefined,6831a9ec2753892f1482281f.webp
6831a9ec2753892f14822820,Papley, Tom,Sydney Swans,undefined,6831a9ec2753892f14822820.webp
6831a9ec2753892f14822821,Paton, Ben R,Sydney Swans,undefined,6831a9ec2753892f14822821.webp
6831a9ec2753892f14822822,Rampe, Dane,Sydney Swans,undefined,6831a9ec2753892f14822822.webp
6831a9ec2753892f14822823,Roberts, Matthew,Sydney Swans,undefined,6831a9ec2753892f14822823.webp
6831a9ec2753892f14822824,Rowbottom, James,Sydney Swans,undefined,6831a9ec2753892f14822824.webp
6831a9ec2753892f14822825,Sheldrick, Angus,Sydney Swans,undefined,6831a9ec2753892f14822825.webp
6831a9ec2753892f14822826,Snell, Patrick,Sydney Swans,undefined,6831a9ec2753892f14822826.webp
6831a9ec2753892f14822827,Warner, Chad,Sydney Swans,undefined,6831a9ec2753892f14822827.webp
6831a9ec2753892f14822828,Warner, Corey,Sydney Swans,undefined,6831a9ec2753892f14822828.webp
6831a9ec2753892f14822829,Wicks, Sam R,Sydney Swans,undefined,6831a9ec2753892f14822829.webp
6831a9ec2753892f14822856,Allan, Bo,West Coast Eagles,undefined,6831a9ec2753892f14822856.webp
6831a9ec2753892f14822857,Allen, Oscar,West Coast Eagles,undefined,6831a9ec2753892f14822857.webp
6831a9ec2753892f14822858,Baker, Liam,West Coast Eagles,undefined,6831a9ec2753892f14822858.webp
6831a9ec2753892f14822859,Barnett, Harry,West Coast Eagles,undefined,6831a9ec2753892f14822859.webp
6831a9ec2753892f1482285a,Bazzo, Rhett,West Coast Eagles,undefined,6831a9ec2753892f1482285a.webp
6831a9ec2753892f1482285b,Brock, Sandy R,West Coast Eagles,undefined,6831a9ec2753892f1482285b.webp
6831a9ec2753892f1482285c,Brockman, Tyler,West Coast Eagles,undefined,6831a9ec2753892f1482285c.webp
6831a9ec2753892f1482285d,Champion, Malakai R,West Coast Eagles,undefined,6831a9ec2753892f1482285d.webp
6831a9ec2753892f1482285e,Chesser, Campbell,West Coast Eagles,undefined,6831a9ec2753892f1482285e.webp
6831a9ec2753892f1482285f,Cole, Tom,West Coast Eagles,undefined,6831a9ec2753892f1482285f.webp
6831a9ec2753892f14822860,Cripps, Jamie,West Coast Eagles,undefined,6831a9ec2753892f14822860.webp
6831a9ec2753892f14822861,Davis, Hamish,West Coast Eagles,undefined,6831a9ec2753892f14822861.webp
6831a9ec2753892f14822862,Dewar, Tyrell R,West Coast Eagles,undefined,6831a9ec2753892f14822862.webp
6831a9ec2753892f14822863,Duggan, Liam,West Coast Eagles,undefined,6831a9ec2753892f14822863.webp
6831a9ec2753892f14822864,Edwards, Harry,West Coast Eagles,undefined,6831a9ec2753892f14822864.webp
6831a9ec2753892f14822865,Flynn, Matthew,West Coast Eagles,undefined,6831a9ec2753892f14822865.webp
6831a9ec2753892f14822866,Ginbey, Reuben,West Coast Eagles,undefined,6831a9ec2753892f14822866.webp
6831a9ec2753892f14822867,Graham, Jack,West Coast Eagles,undefined,6831a9ec2753892f14822867.webp
6831a9ec2753892f14822868,Grego, Lucca,West Coast Eagles,undefined,6831a9ec2753892f14822868.webp
6831a9ec2753892f14822869,Gross, Tom,West Coast Eagles,undefined,6831a9ec2753892f14822869.webp
6831a9ec2753892f1482286a,Hall, Clay,West Coast Eagles,undefined,6831a9ec2753892f1482286a.webp
6831a9ec2753892f1482286b,Hewett, Elijah,West Coast Eagles,undefined,6831a9ec2753892f1482286b.webp
6831a9ec2753892f1482286c,Hough, Brady,West Coast Eagles,undefined,6831a9ec2753892f1482286c.webp
6831a9ec2753892f1482286d,Hunt, Jayden,West Coast Eagles,undefined,6831a9ec2753892f1482286d.webp
6831a9ec2753892f1482286e,Hutchinson, Jack R,West Coast Eagles,undefined,6831a9ec2753892f1482286e.webp
6831a9ec2753892f1482286f,Jamieson, Callum,West Coast Eagles,undefined,6831a9ec2753892f1482286f.webp
6831a9ec2753892f14822870,Johnston, Harvey,West Coast Eagles,undefined,6831a9ec2753892f14822870.webp
6831a9ec2753892f14822871,Kelly, Tim,West Coast Eagles,undefined,6831a9ec2753892f14822871.webp
6831a9ec2753892f14822872,Livingstone, Coen R,West Coast Eagles,undefined,6831a9ec2753892f14822872.webp
6831a9ec2753892f14822873,Long, Noah,West Coast Eagles,undefined,6831a9ec2753892f14822873.webp
6831a9ec2753892f14822874,Maric, Ryan R,West Coast Eagles,undefined,6831a9ec2753892f14822874.webp
6831a9ec2753892f14822875,McGovern, Jeremy,West Coast Eagles,undefined,6831a9ec2753892f14822875.webp
6831a9ec2753892f14822876,Owies, Matt,West Coast Eagles,undefined,6831a9ec2753892f14822876.webp
6831a9ec2753892f14822877,Petruccelle, Jack,West Coast Eagles,undefined,6831a9ec2753892f14822877.webp
6831a9ec2753892f14822878,Rawlinson, Loch R,West Coast Eagles,undefined,6831a9ec2753892f14822878.webp
6831a9ec2753892f14822879,Reid, Archer,West Coast Eagles,undefined,6831a9ec2753892f14822879.webp
6831a9ec2753892f1482287a,Reid, Harley,West Coast Eagles,undefined,6831a9ec2753892f1482287a.webp
6831a9ec2753892f1482287b,Ryan, Liam,West Coast Eagles,undefined,6831a9ec2753892f1482287b.webp
6831a9ec2753892f1482287c,Shanahan, Jobe,West Coast Eagles,undefined,6831a9ec2753892f1482287c.webp
6831a9ec2753892f1482287d,Sheed, Dominic,West Coast Eagles,undefined,6831a9ec2753892f1482287d.webp
6831a9ec2753892f1482287e,Waterman, Jake,West Coast Eagles,undefined,6831a9ec2753892f1482287e.webp
6831a9ec2753892f1482287f,Williams, Bailey J.,West Coast Eagles,undefined,6831a9ec2753892f1482287f.webp
6831a9ec2753892f14822880,Williams, Jack,West Coast Eagles,undefined,6831a9ec2753892f14822880.webp
6831a9ec2753892f14822881,Yeo, Elliot,West Coast Eagles,undefined,6831a9ec2753892f14822881.webp
6831a9ec2753892f1482282b,Baker, Oskar R,Western Bulldogs,undefined,6831a9ec2753892f1482282b.webp
6831a9ec2753892f1482282c,Bontempelli, Marcus,Western Bulldogs,undefined,6831a9ec2753892f1482282c.webp
6831a9ec2753892f1482282d,Bramble, Lachlan R,Western Bulldogs,undefined,6831a9ec2753892f1482282d.webp
6831a9ec2753892f1482282e,Busslinger, Jedd,Western Bulldogs,undefined,6831a9ec2753892f1482282e.webp
6831a9ec2753892f1482282f,Cleary, Luke,Western Bulldogs,undefined,6831a9ec2753892f1482282f.webp
6831a9ec2753892f14822830,Coffield, Nicholas,Western Bulldogs,undefined,6831a9ec2753892f14822830.webp
6831a9ec2753892f14822831,Croft, Jordan,Western Bulldogs,undefined,6831a9ec2753892f14822831.webp
6831a9ec2753892f14822832,Dale, Bailey,Western Bulldogs,undefined,6831a9ec2753892f14822832.webp
6831a9ec2753892f14822833,Darcy, Sam,Western Bulldogs,undefined,6831a9ec2753892f14822833.webp
6831a9ec2753892f14822834,Davidson, Sam,Western Bulldogs,undefined,6831a9ec2753892f14822834.webp
6831a9ec2753892f14822835,Dolan, Josh,Western Bulldogs,undefined,6831a9ec2753892f14822835.webp
6831a9ec2753892f14822836,Duryea, Taylor R,Western Bulldogs,undefined,6831a9ec2753892f14822836.webp
6831a9ec2753892f14822837,English, Timothy,Western Bulldogs,undefined,6831a9ec2753892f14822837.webp
6831a9ec2753892f14822838,Freijah, Joel,Western Bulldogs,undefined,6831a9ec2753892f14822838.webp
6831a9ec2753892f14822839,Gallagher, Harvey,Western Bulldogs,undefined,6831a9ec2753892f14822839.webp
6831a9ec2753892f1482283a,Garcia, Riley,Western Bulldogs,undefined,6831a9ec2753892f1482283a.webp
6831a9ec2753892f1482283b,Gardner, Ryan,Western Bulldogs,undefined,6831a9ec2753892f1482283b.webp
6831a9ec2753892f1482283c,Harmes, James,Western Bulldogs,undefined,6831a9ec2753892f1482283c.webp
6831a9ec2753892f1482283d,Hynes, Cooper,Western Bulldogs,undefined,6831a9ec2753892f1482283d.webp
6831a9ec2753892f1482283e,Jaques, Lachie,Western Bulldogs,undefined,6831a9ec2753892f1482283e.webp
6831a9ec2753892f1482283f,Johannisen, Jason,Western Bulldogs,undefined,6831a9ec2753892f1482283f.webp
6831a9ec2753892f14822840,Jones, Arthur,Western Bulldogs,undefined,6831a9ec2753892f14822840.webp
6831a9ec2753892f14822841,Jones, Liam,Western Bulldogs,undefined,6831a9ec2753892f14822841.webp
6831a9ec2753892f14822842,Kennedy, Luke,Western Bulldogs,undefined,6831a9ec2753892f14822842.webp
6831a9ec2753892f14822843,Kennedy, Matthew,Western Bulldogs,undefined,6831a9ec2753892f14822843.webp
6831a9ec2753892f14822844,Khamis, Buku,Western Bulldogs,undefined,6831a9ec2753892f14822844.webp
6831a9ec2753892f14822845,Liberatore, Thomas,Western Bulldogs,undefined,6831a9ec2753892f14822845.webp
6831a9ec2753892f14822846,Lobb, Rory,Western Bulldogs,undefined,6831a9ec2753892f14822846.webp
6831a9ec2753892f14822847,McNeil, Lachlan R,Western Bulldogs,undefined,6831a9ec2753892f14822847.webp
6831a9ec2753892f14822848,Naughton, Aaron,Western Bulldogs,undefined,6831a9ec2753892f14822848.webp
6831a9ec2753892f14822849,O'Donnell, James R,Western Bulldogs,undefined,6831a9ec2753892f14822849.webp
6831a9ec2753892f1482284a,Poulter, Caleb R,Western Bulldogs,undefined,6831a9ec2753892f1482284a.webp
6831a9ec2753892f1482284b,Richards, Ed,Western Bulldogs,undefined,6831a9ec2753892f1482284b.webp
6831a9ec2753892f1482284c,Sanders, Ryley,Western Bulldogs,undefined,6831a9ec2753892f1482284c.webp
6831a9ec2753892f1482284d,Scott, Anthony,Western Bulldogs,undefined,6831a9ec2753892f1482284d.webp
6831a9ec2753892f1482284e,Smith, Lachlan,Western Bulldogs,undefined,6831a9ec2753892f1482284e.webp
6831a9ec2753892f1482284f,Treloar, Adam,Western Bulldogs,undefined,6831a9ec2753892f1482284f.webp
6831a9ec2753892f14822850,Ugle-Hagan, Jamarra,Western Bulldogs,undefined,6831a9ec2753892f14822850.webp
6831a9ec2753892f14822851,Vandermeer, Laitham,Western Bulldogs,undefined,6831a9ec2753892f14822851.webp
6831a9ec2753892f14822852,Weightman, Cody,Western Bulldogs,undefined,6831a9ec2753892f14822852.webp
6831a9ec2753892f14822853,West, Rhylee,Western Bulldogs,undefined,6831a9ec2753892f14822853.webp
6831a9ec2753892f14822854,Williams, Bailey,Western Bulldogs,undefined,6831a9ec2753892f14822854.webp